trustii_id,risk_hepatic_event,risk_death,weighted_risk
195,0.9929078014184397,0.9418439716312057,0.9775886524822694
244,0.9692671394799054,0.9583924349881797,0.9660047281323877
261,0.9952718676122931,0.8969267139479906,0.9657683215130024
287,0.966903073286052,0.9432624113475178,0.9598108747044917
78,0.9881796690307328,0.8486997635933807,0.9463356973995272
250,0.9858156028368794,0.8515366430260047,0.945531914893617
304,0.9976359338061466,0.8203309692671396,0.9444444444444444
134,0.9574468085106383,0.9115839243498818,0.9436879432624113
38,0.9314420803782506,0.924822695035461,0.9294562647754137
335,0.9267139479905437,0.9224586288416077,0.9254373522458628
386,1.0,0.732387706855792,0.9197163120567375
315,0.9905437352245863,0.7531914893617022,0.919338061465721
299,0.8888888888888888,0.9588652482269504,0.9098817966903072
355,0.9101654846335697,0.9059101654846337,0.9088888888888889
252,0.9456264775413712,0.8208037825059102,0.9081796690307329
249,0.9243498817966903,0.8553191489361703,0.9036406619385343
177,0.933806146572104,0.8260047281323879,0.9014657210401892
288,0.9479905437352246,0.7914893617021277,0.9010401891252955
322,0.8770685579196218,0.950354609929078,0.8990543735224585
411,0.9787234042553191,0.7087470449172577,0.8977304964539007
319,0.9716312056737588,0.7196217494089835,0.8960283687943262
272,0.9125295508274232,0.855791962174941,0.8955082742316784
323,0.8628841607565012,0.9621749408983452,0.8926713947990543
161,0.8605200945626478,0.9621749408983451,0.891016548463357
345,0.9196217494089834,0.824113475177305,0.8909692671394799
273,0.950354609929078,0.7522458628841607,0.8909219858156028
332,0.8534278959810875,0.9754137115839243,0.8900236406619384
184,0.9361702127659575,0.7815602836879433,0.8897872340425531
128,0.983451536643026,0.6695035460992909,0.8892671394799054
62,0.9054373522458629,0.8472813238770687,0.8879905437352246
380,0.8652482269503546,0.9286052009456266,0.8842553191489362
256,0.9219858156028369,0.7839243498817967,0.8805673758865248
18,0.8936170212765957,0.8326241134751773,0.8753191489361701
121,0.8841607565011821,0.8543735224586289,0.875224586288416
375,0.9030732860520094,0.8052009456264777,0.8737115839243499
48,0.8865248226950354,0.8368794326241136,0.8716312056737588
263,0.9078014184397163,0.7862884160756503,0.8713475177304963
117,0.8959810874704491,0.8127659574468086,0.871016548463357
138,0.8983451536643026,0.7947990543735225,0.8672813238770685
63,0.91725768321513,0.7489361702127659,0.8667612293144207
56,0.8416075650118203,0.9229314420803783,0.8660047281323877
45,0.8723404255319149,0.846808510638298,0.8646808510638297
417,0.9290780141843972,0.7134751773049646,0.8643971631205674
254,0.8463356973995272,0.8988179669030734,0.862080378250591
159,0.9408983451536643,0.6671394799054375,0.8587706855791962
267,0.8747044917257684,0.8189125295508275,0.857966903073286
4,0.8085106382978723,0.9711583924349882,0.857304964539007
129,0.9385342789598109,0.6628841607565011,0.855839243498818
364,0.8250591016548463,0.921985815602837,0.8541371158392435
75,0.8014184397163121,0.9739952718676124,0.8531914893617021
83,0.8676122931442081,0.8004728132387708,0.8474704491725769
193,0.8321513002364066,0.8737588652482271,0.8446335697399527
105,0.9550827423167849,0.5815602836879433,0.8430260047281324
225,0.7919621749408984,0.9612293144208037,0.84274231678487
275,0.8557919621749409,0.8094562647754139,0.8418912529550828
398,0.9621749408983451,0.5191489361702128,0.8292671394799054
235,0.8368794326241135,0.8085106382978724,0.8283687943262411
232,0.8817966903073287,0.7021276595744681,0.8278959810874704
362,0.8912529550827423,0.6775413711583924,0.8271394799054372
248,0.8203309692671394,0.8430260047281325,0.8271394799054372
329,0.8486997635933806,0.7754137115839244,0.8267139479905437
35,0.9645390070921985,0.5007092198581561,0.8253900709219858
423,0.9763593380614657,0.46382978723404256,0.8226004728132387
333,0.7966903073286052,0.8742316784869978,0.819952718676123
171,0.8794326241134752,0.6803782505910166,0.8197163120567377
32,0.9527186761229315,0.5035460992907801,0.817966903073286
104,0.7730496453900709,0.9092198581560286,0.8139007092198581
306,0.7683215130023641,0.9092198581560285,0.8105910165484633
170,0.7612293144208038,0.9238770685579196,0.8100236406619385
8,0.851063829787234,0.7101654846335699,0.8087943262411348
22,0.7706855791962175,0.8959810874704494,0.808274231678487
19,0.7801418439716312,0.8732860520094564,0.8080851063829788
349,0.806146572104019,0.7820330969267141,0.7989125295508275
373,0.75177304964539,0.8997635933806147,0.7961702127659575
330,0.9432624113475178,0.4515366430260047,0.7957446808510639
90,0.7494089834515366,0.8851063829787236,0.7901182033096926
51,0.7423167848699763,0.8931442080378251,0.787565011820331
102,0.8581560283687943,0.6184397163120569,0.786241134751773
173,0.900709219858156,0.5106382978723404,0.7836879432624113
265,0.8037825059101655,0.7319148936170213,0.7822222222222223
110,0.789598108747045,0.7555555555555555,0.7793853427895981
340,0.817966903073286,0.6846335697399527,0.777966903073286
405,0.7281323877068558,0.8836879432624115,0.7747990543735225
247,0.8392434988179669,0.6118203309692671,0.7710165484633569
118,0.7588652482269503,0.7938534278959811,0.7693617021276595
409,0.7446808510638298,0.8089834515366431,0.7639716312056737
351,0.8132387706855791,0.6439716312056738,0.7624586288416075
227,0.7659574468085106,0.75177304964539,0.7617021276595745
317,0.7304964539007093,0.831678486997636,0.7608510638297873
166,0.9598108747044918,0.2926713947990544,0.7596690307328605
168,0.7470449172576832,0.7744680851063831,0.7552718676122931
217,0.8439716312056738,0.5460992907801419,0.754609929078014
133,0.9810874704491725,0.22033096926713946,0.7528605200945626
212,0.8699763593380615,0.47139479905437354,0.7504018912529551
243,0.9148936170212766,0.36548463356974,0.7500709219858156
114,0.8297872340425532,0.5631205673758866,0.7497872340425531
338,0.7635933806146572,0.7153664302600473,0.7491252955082741
87,0.7565011820330969,0.7281323877068557,0.7479905437352246
52,0.9739952718676123,0.20898345153664305,0.7444917257683215
130,0.7328605200945626,0.7692671394799054,0.7437825059101655
421,0.7825059101654847,0.6430260047281324,0.740661938534279
369,0.8226950354609929,0.5361702127659576,0.7367375886524823
203,0.7848699763593381,0.6118203309692672,0.7329550827423168
350,0.6713947990543735,0.8718676122931444,0.7315366430260047
339,0.7186761229314421,0.7612293144208039,0.7314420803782505
53,0.735224586288416,0.7163120567375887,0.7295508274231678
321,0.7375886524822695,0.7040189125295508,0.7275177304964539
343,0.6950354609929078,0.7929078014184398,0.7243971631205673
359,0.6193853427895981,0.9427895981087471,0.7164066193853427
28,0.7872340425531915,0.5153664302600474,0.7056737588652482
365,0.6926713947990544,0.7163120567375888,0.6997635933806147
205,0.6690307328605201,0.7513002364066195,0.6937115839243498
144,0.7777777777777778,0.4945626477541371,0.6928132387706856
43,0.6146572104018913,0.8751773049645392,0.6928132387706856
305,0.6052009456264775,0.8893617021276596,0.690449172576832
89,0.6808510638297872,0.7101654846335698,0.689645390070922
132,0.6784869976359338,0.7040189125295508,0.6861465721040189
213,0.7754137115839244,0.4723404255319149,0.6844917257683215
390,0.6004728132387707,0.8775413711583926,0.6835933806146572
207,0.7115839243498818,0.6170212765957448,0.6832151300236406
163,0.8274231678486997,0.34562647754137116,0.6828841607565012
309,0.83451536643026,0.32387706855791965,0.6813238770685578
82,0.6312056737588653,0.7966903073286054,0.6808510638297872
84,0.7541371158392435,0.5068557919621749,0.6799527186761228
366,0.6761229314420804,0.6846335697399528,0.6786761229314421
370,0.8156028368794326,0.35697399527186763,0.678014184397163
172,0.5910165484633569,0.8747044917257685,0.6761229314420804
183,0.7257683215130024,0.5588652482269504,0.6756973995271868
88,0.6382978723404256,0.7522458628841607,0.6724822695035461
326,0.6524822695035462,0.706855791962175,0.6687943262411348
226,0.6572104018912529,0.6851063829787234,0.6655791962174941
145,0.7139479905437353,0.5508274231678487,0.6650118203309693
164,0.6855791962174941,0.616548463356974,0.664869976359338
135,0.706855791962175,0.5650118203309693,0.6643026004728132
320,0.8108747044917257,0.3125295508274232,0.6613711583924349
368,0.574468085106383,0.8567375886524824,0.6591489361702128
101,0.7163120567375887,0.5177304964539008,0.6567375886524823
30,0.7210401891252955,0.4822695035460993,0.6494089834515366
279,0.5815602836879432,0.8,0.6470921985815602
407,0.6832151300236406,0.5390070921985816,0.6399527186761229
31,0.6595744680851063,0.5900709219858157,0.6387234042553191
324,0.6997635933806147,0.4931442080378251,0.6377777777777778
12,0.6264775413711584,0.6534278959810875,0.6345626477541371
334,0.5697399527186762,0.7829787234042553,0.6337115839243499
80,0.5555555555555556,0.7966903073286054,0.6278959810874705
13,0.49645390070921985,0.932387706855792,0.6272340425531915
33,0.6359338061465721,0.6023640661938534,0.6258628841607565
201,0.4940898345153664,0.9300236406619387,0.6248699763593382
25,0.7021276595744681,0.44255319148936173,0.6242553191489362
354,0.6643026004728132,0.5182033096926714,0.6204728132387707
167,0.6430260047281324,0.5612293144208038,0.6184869976359337
70,0.5437352245862884,0.7919621749408984,0.6182033096926713
308,0.6453900709219859,0.5527186761229315,0.6175886524822695
68,0.5271867612293144,0.8283687943262412,0.6175413711583924
294,0.5531914893617021,0.7640661938534279,0.6164539007092198
66,0.6879432624113475,0.44539007092198585,0.615177304964539
95,0.6619385342789598,0.5059101654846336,0.6151300236406619
347,0.5106382978723404,0.8524822695035462,0.6131914893617021
270,0.6288416075650118,0.5617021276595745,0.6086997635933806
237,0.7943262411347518,0.15981087470449173,0.6039716312056738
260,0.5295508274231678,0.7773049645390072,0.6038770685579196
257,0.6477541371158393,0.49976359338061466,0.6033569739952719
198,0.607565011820331,0.589598108747045,0.6021749408983451
191,0.508274231678487,0.8118203309692672,0.599338061465721
300,0.557919621749409,0.6907801418439716,0.5977777777777777
125,0.5508274231678487,0.6945626477541371,0.5939479905437353
284,0.7990543735224587,0.1111111111111111,0.5926713947990544
422,0.5366430260047281,0.7205673758865249,0.5918203309692671
39,0.44680851063829785,0.9068557919621751,0.5848226950354609
388,0.5626477541371159,0.6274231678486998,0.582080378250591
71,0.5839243498817966,0.5716312056737589,0.5802364066193852
60,0.5177304964539007,0.7252955082742316,0.58
337,0.5957446808510638,0.5342789598108748,0.577304964539007
274,0.46099290780141844,0.8420803782505911,0.5753191489361702
241,0.5886524822695035,0.5380614657210402,0.5734751773049644
103,0.723404255319149,0.22080378250591018,0.5726241134751773
136,0.5650118203309693,0.5810874704491726,0.5698345153664303
341,0.5933806146572104,0.5092198581560283,0.5681323877068557
412,0.5059101654846335,0.6931442080378252,0.562080378250591
160,0.5862884160756501,0.5040189125295509,0.5616075650118203
26,0.6501182033096927,0.3527186761229314,0.5608983451536643
111,0.524822695035461,0.640661938534279,0.5595744680851064
202,0.41371158392434987,0.8950354609929079,0.5581087470449173
251,0.6737588652482269,0.2860520094562648,0.5574468085106382
327,0.6122931442080378,0.42789598108747046,0.5569739952718675
148,0.4799054373522459,0.733806146572104,0.5560756501182033
81,0.7044917257683215,0.20898345153664302,0.555839243498818
100,0.5011820330969267,0.6742316784869977,0.553096926713948
86,0.6028368794326241,0.42316784869976365,0.548936170212766
94,0.6335697399527187,0.35035460992907796,0.5486052009456265
142,0.48226950354609927,0.6983451536643026,0.5470921985815602
20,0.6548463356973995,0.2931442080378251,0.5463356973995271
238,0.7092198581560284,0.16359338061465722,0.5455319148936171
108,0.45390070921985815,0.7560283687943262,0.5445390070921985
234,0.4728132387706856,0.7054373522458628,0.5426004728132388
67,0.5791962174940898,0.45295508274231683,0.5413238770685578
211,0.5602836879432624,0.4940898345153664,0.5404255319148936
379,0.541371158392435,0.5234042553191489,0.5359810874704491
182,0.7399527186761229,0.055319148936170216,0.534562647754137
363,0.4066193853427896,0.8312056737588653,0.5339952718676123
392,0.475177304964539,0.6690307328605201,0.5333333333333333
297,0.46808510638297873,0.6789598108747045,0.5313475177304964
325,0.624113475177305,0.31111111111111117,0.5302127659574468
5,0.5224586288416075,0.5456264775413712,0.5294089834515366
158,0.6973995271867612,0.12340425531914893,0.5252009456264776
157,0.4562647754137116,0.6851063829787235,0.5249172576832151
367,0.6903073286052009,0.1380614657210402,0.5246335697399527
381,0.43498817966903075,0.7271867612293145,0.5226477541371158
6,0.458628841607565,0.6690307328605202,0.5217494089834516
73,0.5981087470449172,0.339952718676123,0.5206619385342789
189,0.44208037825059104,0.70354609929078,0.5205200945626477
389,0.4373522458628842,0.7059101654846336,0.517919621749409
174,0.3829787234042553,0.8089834515366431,0.5107801418439717
169,0.39243498817966904,0.7810874704491726,0.5090307328605201
331,0.6666666666666666,0.1385342789598109,0.5082269503546099
155,0.425531914893617,0.6997635933806148,0.5078014184397164
242,0.5200945626477541,0.47706855791962177,0.5071867612293144
303,0.4988179669030733,0.5210401891252956,0.5054846335697399
124,0.5035460992907801,0.5049645390070923,0.5039716312056737
384,0.6099290780141844,0.2501182033096927,0.5019858156028368
98,0.5342789598108747,0.4208037825059102,0.5002364066193854
255,0.640661938534279,0.16973995271867612,0.49938534278959806
269,0.5153664302600472,0.4595744680851065,0.49862884160756504
209,0.41134751773049644,0.6940898345153664,0.4961702127659574
214,0.5319148936170213,0.40661938534278963,0.49432624113475176
151,0.4444444444444444,0.6080378250591016,0.4935224586288416
310,0.40425531914893614,0.7002364066193855,0.4930496453900709
353,0.5721040189125296,0.28085106382978725,0.4847281323877069
34,0.42080378250591016,0.631678486997636,0.48406619385342786
47,0.3947990543735225,0.6879432624113475,0.48274231678487
387,0.375886524822695,0.726241134751773,0.4809929078014184
76,0.34988179669030733,0.7843971631205674,0.4802364066193853
15,0.39952718676122934,0.6643026004728133,0.4789598108747045
115,0.3309692671394799,0.8217494089834516,0.4782033096926714
190,0.5673758865248227,0.26430260047281323,0.4764539007092199
328,0.4160756501182033,0.6160756501182034,0.4760756501182033
312,0.3640661938534279,0.7314420803782506,0.4742789598108747
165,0.6170212765957447,0.12860520094562647,0.47049645390070916
116,0.3617021276595745,0.7134751773049646,0.46723404255319145
371,0.5390070921985816,0.2983451536643026,0.46680851063829787
360,0.47754137115839246,0.4392434988179669,0.4660520094562648
85,0.3877068557919622,0.6486997635933807,0.4660047281323877
281,0.5768321513002365,0.20283687943262413,0.46463356973995273
222,0.6217494089834515,0.08510638297872342,0.46075650118203304
229,0.4397163120567376,0.4912529550827423,0.455177304964539
120,0.36879432624113473,0.6534278959810875,0.45418439716312053
216,0.4515366430260047,0.4463356973995272,0.44997635933806146
14,0.3191489361702128,0.7546099290780143,0.44978723404255316
401,0.3900709219858156,0.5881796690307329,0.4495035460992908
140,0.46335697399527187,0.3981087470449173,0.44378250591016544
400,0.4846335697399527,0.3451536643026005,0.4427895981087471
316,0.28368794326241137,0.806146572104019,0.44042553191489364
16,0.5484633569739953,0.1862884160756501,0.4398108747044917
291,0.48699763593380613,0.2978723404255319,0.43026004728132383
141,0.3971631205673759,0.505437352245863,0.429645390070922
416,0.5130023640661938,0.2326241134751773,0.4288888888888889
7,0.408983451536643,0.4723404255319149,0.42799054373522455
36,0.35224586288416077,0.6014184397163121,0.42699763593380613
239,0.491725768321513,0.27470449172576833,0.4266193853427896
406,0.2695035460992908,0.7650118203309693,0.4181560283687943
395,0.3546099290780142,0.5635933806146572,0.4173049645390071
224,0.4326241134751773,0.3749408983451537,0.4153191489361702
131,0.3404255319148936,0.5758865248226951,0.41106382978723405
122,0.4231678486997636,0.3806146572104019,0.41040189125295506
185,0.5460992907801419,0.0884160756501182,0.40879432624113476
285,0.33569739952718675,0.5777777777777777,0.408321513002364
259,0.3049645390070922,0.630260047281324,0.40255319148936175
221,0.32387706855791965,0.5626477541371159,0.39550827423167845
24,0.41843971631205673,0.3290780141843972,0.39163120567375886
113,0.23167848699763594,0.7555555555555555,0.3888416075650118
196,0.3735224586288416,0.4174940898345154,0.3867139479905437
69,0.4657210401891253,0.19574468085106383,0.3847281323877068
385,0.47044917257683216,0.16028368794326242,0.37739952718676123
42,0.3333333333333333,0.4765957446808511,0.3763120567375886
197,0.27423167848699764,0.5810874704491726,0.3662884160756501
262,0.21513002364066194,0.7130023640661939,0.3644917257683215
206,0.25059101654846333,0.6217494089834515,0.3619385342789598
152,0.4302600472813239,0.19858156028368795,0.36075650118203306
283,0.40189125295508277,0.25531914893617025,0.357919621749409
378,0.28132387706855794,0.5342789598108747,0.35721040189125297
357,0.48936170212765956,0.048699763593380616,0.35716312056737587
420,0.2860520094562648,0.5200945626477542,0.3562647754137116
236,0.2718676122931442,0.5498817966903073,0.3552718676122931
372,0.3380614657210402,0.39290780141843973,0.35451536643026005
314,0.3144208037825059,0.44302600472813236,0.3530023640661938
215,0.37115839243498816,0.29834515366430264,0.3493144208037825
59,0.2789598108747045,0.5101654846335698,0.3483215130023641
219,0.20094562647754138,0.679905437352246,0.34463356973995274
187,0.42789598108747046,0.14609929078014186,0.3433569739952719
54,0.35697399527186763,0.3059101654846336,0.3416548463356974
342,0.38534278959810875,0.2231678486997636,0.3366903073286052
156,0.2553191489361702,0.5257683215130025,0.3364539007092199
147,0.29550827423167847,0.416548463356974,0.3318203309692671
49,0.25295508274231676,0.5158392434988179,0.3318203309692671
233,0.20803782505910165,0.6203309692671395,0.331725768321513
344,0.3806146572104019,0.2108747044917258,0.3296926713947991
146,0.34278959810874704,0.2959810874704492,0.3287470449172577
356,0.35933806146572106,0.23829787234042552,0.32302600472813237
57,0.4491725768321513,0.019385342789598112,0.3202364066193853
55,0.13947990543735225,0.7314420803782506,0.31706855791962174
139,0.19621749408983452,0.5962174940898345,0.3162174940898345
74,0.37825059101654845,0.16501182033096928,0.3142789598108747
61,0.3475177304964539,0.2269503546099291,0.31134751773049646
268,0.3262411347517731,0.26524822695035466,0.3079432624113475
179,0.24822695035460993,0.43498817966903075,0.30425531914893617
292,0.15130023640661938,0.655791962174941,0.30264775413711587
107,0.34515366430260047,0.19905437352245864,0.3013238770685579
404,0.3073286052009456,0.2817966903073286,0.2996690307328605
419,0.2458628841607565,0.4174940898345154,0.29735224586288417
41,0.1867612293144208,0.5465721040189125,0.2947044917257683
50,0.31678486997635935,0.23120567375886528,0.2911111111111111
394,0.2364066193853428,0.40614657210401894,0.2873286052009456
112,0.26713947990543735,0.3290780141843972,0.2857210401891253
178,0.3120567375886525,0.21796690307328606,0.2838297872340425
64,0.3664302600472813,0.08699763593380615,0.28260047281323875
391,0.30023640661938533,0.2293144208037825,0.27895981087470445
58,0.2978723404255319,0.22505910165484633,0.2760283687943262
1,0.29314420803782504,0.23498817966903077,0.27569739952718675
204,0.30969267139479906,0.19338061465721043,0.2747990543735224
276,0.22695035460992907,0.3706855791962175,0.27007092198581556
361,0.2198581560283688,0.38108747044917257,0.2682269503546099
188,0.32860520094562645,0.1115839243498818,0.26349881796690305
186,0.30260047281323876,0.16879432624113477,0.26245862884160753
21,0.09929078014184398,0.6260047281323877,0.2573049645390071
245,0.2293144208037825,0.3186761229314421,0.25612293144208037
106,0.2033096926713948,0.37825059101654845,0.2557919621749409
149,0.1536643026004728,0.4822695035460993,0.25224586288416073
220,0.10874704491725769,0.5820330969267139,0.2507328605200946
2,0.17966903073286053,0.4137115839243499,0.24988179669030733
403,0.3215130023640662,0.07612293144208038,0.24789598108747044
91,0.24113475177304963,0.26193853427895986,0.2473758865248227
414,0.26004728132387706,0.20709219858156028,0.24416075650118202
210,0.2765957446808511,0.15460992907801419,0.24
280,0.20567375886524822,0.31962174940898347,0.2398581560283688
96,0.2576832151300236,0.1971631205673759,0.2395271867612293
336,0.23877068557919623,0.2269503546099291,0.23522458628841608
11,0.2647754137115839,0.15933806146572105,0.23314420803782504
223,0.1938534278959811,0.31962174940898347,0.2315839243498818
200,0.17257683215130024,0.36690307328605204,0.23087470449172576
376,0.28841607565011823,0.07801418439716312,0.2252955082742317
40,0.2127659574468085,0.24113475177304966,0.22127659574468084
302,0.2907801418439716,0.05153664302600473,0.21900709219858153
410,0.2624113475177305,0.11631205673758867,0.21858156028368794
293,0.23404255319148937,0.18203309692671396,0.21843971631205672
65,0.13002364066193853,0.42458628841607565,0.21839243498817965
313,0.14657210401891252,0.3806146572104019,0.21678486997635932
374,0.24349881796690306,0.14657210401891252,0.2144208037825059
99,0.11583924349881797,0.44255319148936173,0.2138534278959811
126,0.16312056737588654,0.30921985815602837,0.20695035460992905
127,0.17494089834515367,0.25579196217494093,0.19919621749408983
143,0.08037825059101655,0.4723404255319149,0.19796690307328604
346,0.14184397163120568,0.30023640661938533,0.18936170212765957
396,0.2222222222222222,0.10638297872340427,0.18747044917257683
231,0.22458628841607564,0.09976359338061466,0.18713947990543733
296,0.10638297872340426,0.3687943262411348,0.1851063829787234
27,0.10401891252955082,0.3735224586288416,0.18486997635933805
208,0.1607565011820331,0.22127659574468087,0.17891252955082743
415,0.06619385342789598,0.42978723404255326,0.17527186761229313
282,0.21749408983451538,0.07517730496453902,0.17479905437352244
253,0.18203309692671396,0.14893617021276598,0.17210401891252955
93,0.054373522458628844,0.4321513002364066,0.16770685579196215
286,0.18912529550827423,0.1115839243498818,0.1658628841607565
44,0.04964539007092199,0.41654846335697404,0.15971631205673759
97,0.21040189125295508,0.03640661938534279,0.15820330969267138
311,0.11347517730496454,0.2605200945626478,0.1575886524822695
150,0.06855791962174941,0.36264775413711586,0.15678486997635935
397,0.13711583924349882,0.20047281323877073,0.1561229314420804
3,0.04491725768321513,0.40898345153664306,0.1541371158392435
301,0.19148936170212766,0.06335697399527188,0.15304964539007093
289,0.05200945626477541,0.3810874704491726,0.15073286052009457
264,0.08274231678486997,0.30921985815602837,0.15068557919621747
181,0.19858156028368795,0.02647754137115839,0.14695035460992908
318,0.1111111111111111,0.22789598108747047,0.1461465721040189
109,0.1347517730496454,0.17257683215130026,0.14609929078014183
79,0.16784869976359337,0.08936170212765958,0.14430260047281324
77,0.1773049645390071,0.06713947990543735,0.14425531914893616
37,0.18439716312056736,0.0491725768321513,0.14382978723404255
399,0.16548463356973994,0.09267139479905438,0.14364066193853425
307,0.15602836879432624,0.11300236406619385,0.14312056737588652
199,0.15839243498817968,0.09314420803782505,0.13881796690307327
298,0.08983451536643026,0.24633569739952718,0.13678486997635933
192,0.1702127659574468,0.05862884160756502,0.13673758865248226
240,0.01182033096926714,0.42364066193853434,0.1353664302600473
17,0.0591016548463357,0.3101654846335698,0.13442080378250593
408,0.07801418439716312,0.2567375886524823,0.13163120567375886
162,0.018912529550827423,0.37966903073286057,0.12713947990543736
29,0.12529550827423167,0.12671394799054375,0.12572104018912528
194,0.12293144208037825,0.13049645390070921,0.12520094562647754
123,0.14893617021276595,0.061465721040189124,0.12269503546099289
228,0.03546099290780142,0.3078014184397163,0.11716312056737588
230,0.14420803782505912,0.043026004728132394,0.1138534278959811
418,0.07328605200945626,0.20330969267139481,0.11229314420803782
153,0.08747044917257683,0.1678486997635934,0.11158392434988179
348,0.02127659574468085,0.31394799054373523,0.10907801418439715
23,0.1276595744680851,0.05437352245862885,0.10567375886524821
278,0.07565011820330969,0.16690307328605203,0.10302600472813239
92,0.1182033096926714,0.06666666666666667,0.10274231678486997
393,0.0851063829787234,0.13711583924349882,0.10070921985815602
9,0.13238770685579196,0.025531914893617023,0.10033096926713947
271,0.12056737588652482,0.039243498817966904,0.09617021276595744
258,0.09456264775413711,0.09692671394799054,0.09527186761229314
277,0.09692671394799054,0.048226950354609936,0.08231678486997636
382,0.0425531914893617,0.16690307328605203,0.07985815602836879
175,0.1016548463356974,0.01938534278959811,0.0769739952718676
10,0.09219858156028368,0.028368794326241134,0.07304964539007092
266,0.04018912529550828,0.14751773049645392,0.07238770685579196
72,0.07092198581560284,0.07375886524822695,0.07177304964539007
46,0.04728132387706856,0.12293144208037826,0.06997635933806147
402,0.03309692671394799,0.14609929078014183,0.06699763593380614
218,0.016548463356973995,0.18345153664302602,0.0666193853427896
137,0.05673758865248227,0.07139479905437351,0.06113475177304964
295,0.037825059101654845,0.11158392434988179,0.059952718676122924
154,0.061465721040189124,0.0557919621749409,0.059763593380614655
290,0.0070921985815602835,0.1645390070921986,0.054326241134751777
119,0.004728132387706856,0.15555555555555553,0.04997635933806145
246,0.06382978723404255,0.013238770685579196,0.04865248226950354
383,0.002364066193853428,0.14893617021276598,0.04633569739952719
176,0.030732860520094562,0.08132387706855791,0.045910165484633565
377,0.014184397163120567,0.09550827423167849,0.03858156028368794
413,0.009456264775413711,0.10496453900709221,0.03810874704491726
358,0.02364066193853428,0.0557919621749409,0.033286052009456266
180,0.028368794326241134,0.033569739952718676,0.029929078014184395
352,0.026004728132387706,0.018912529550827426,0.02387706855791962
